[{"id":1,"username":"admin","password":"$2y$10$yfJwcyTnEC\/0k85Jf9zKMeYo7HIxvUvFv4GKpxzn9kcawzQyA5nPO","is_admin":true,"access":[]},{"id":2,"username":"securite","is_admin":false,"variables_groups":["4"],"password":"$2y$10$r6qxyM3UCywbkRUbQ09R0Oni9bDzFFX\/wxjblXR4JL5AEkaeq2nQm"},{"id":3,"username":"chargements","is_admin":false,"variables_groups":["1"],"password":"$2y$10$o0njj1kfFexm\/QfIJMDCZOXYVeKVNz3KixznLznYopDF6epu5X8La"},{"id":4,"username":"rms","is_admin":false,"variables_groups":["2"],"password":"$2y$10$C4GjMC.lVO1s\/BQpkd9q0ukqCHmwID\/bsqaYYW7zxhmbfuK04r\/yu"},{"id":5,"username":"batch","is_admin":false,"variables_groups":["3"],"password":"$2y$10$vG15f\/ne8u\/xhPJlt3LzhuGwM.Lo\/vyFvWqg8VzfslgmsvBjvmhtO"}]