[
  {
    "id": 1,
    "name": "Chargements",
    "variables": [
      {
        "id": "1",
        "name": "Zone principale",
        "type": "label",
        "var_name": "undefined"
      },
      {
        "id": "2",
        "name": "Z1 - P01 - Immatriculation",
        "type": "input-compact",
        "var_name": "zone_chargement_z1_p01"
      },
      {
        "id": 3,
        "name": "Z1 - P02 - Immatriculation",
        "type": "input-compact",
        "var_name": "zone_chargement_z1_p02"
      },
      {
        "id": 4,
        "name": "Z1 - P03 - Immatriculation",
        "type": "input-compact",
        "var_name": "zone_chargement_z1_p03"
      },
      {
        "id": 5,
        "name": "Z1 - P04 - Immatriculation",
        "type": "input-compact",
        "var_name": "zone_chargement_z1_p04"
      },
      {
        "id": 6,
        "name": "Z1 - P05 - Immatriculation",
        "type": "input-compact",
        "var_name": "zone_chargement_z1_p05"
      },
      {
        "id": 7,
        "name": "Z1 - P06 - Immatriculation",
        "type": "input-compact",
        "var_name": "zone_chargement_z1_p06"
      },
      {
        "id": 8,
        "name": "Z1 - P07 - Immatriculation",
        "type": "input-compact",
        "var_name": "zone_chargement_z1_p07"
      },
      {
        "id": 9,
        "name": "Z1 - P08 - Immatriculation",
        "type": "input-compact",
        "var_name": "zone_chargement_z1_p08"
      },
      {
        "id": 10,
        "name": "Z1 - P09 - Immatriculation",
        "type": "input-compact",
        "var_name": "zone_chargement_z1_p09"
      },
      {
        "id": 11,
        "name": "Z1 - P10 - Immatriculation",
        "type": "input-compact",
        "var_name": "zone_chargement_z1_p10"
      },
      {
        "id": 12,
        "name": "Z1 - P11 - Immatriculation",
        "type": "input-compact",
        "var_name": "zone_chargement_z1_p11"
      },
      {
        "id": 13,
        "name": "Z1 - P12 - Immatriculation",
        "type": "input-compact",
        "var_name": "zone_chargement_z1_p12"
      },
      {
        "id": 14,
        "name": "Base de vie",
        "type": "label",
        "var_name": "undefined"
      },
      {
        "id": 15,
        "name": "Z2 - BV1 - Immatriculation",
        "type": "input-compact",
        "var_name": "zone_chargement_z2_bv1"
      },
      {
        "id": 16,
        "name": "Z2 - BV2 - Immatriculation",
        "type": "input-compact",
        "var_name": "zone_chargement_z2_bv2"
      },
      {
        "id": 17,
        "name": "Z2 - BV3 - Immatriculation",
        "type": "input-compact",
        "var_name": "zone_chargement_z2_bv3"
      },
      {
        "id": 18,
        "name": "Laine blanche",
        "type": "label",
        "var_name": "undefined"
      },
      {
        "id": 19,
        "name": "Z3 - A01 - Immatriculation",
        "type": "input-compact",
        "var_name": "zone_chargement_z3_a01"
      },
      {
        "id": 20,
        "name": "Z3 - A02 - Immatriculation",
        "type": "input-compact",
        "var_name": "zone_chargement_z3_a02"
      },
      {
        "id": 21,
        "name": "Z3 - A03 - Immatriculation",
        "type": "input-compact",
        "var_name": "zone_chargement_z3_a03"
      },
      { "id": 22, "name": "Ballots", "type": "label", "var_name": "undefined" },
      {
        "id": 23,
        "name": "Z4 - P - Immatriculation",
        "type": "input-compact",
        "var_name": "zone_chargement_z4_p"
      }
    ]
  },
  {
    "id": 2,
    "name": "D\u00e9chargements RMS",
    "variables": [
      {
        "id": "1",
        "name": "Zone principale",
        "type": "label",
        "var_name": "undefined"
      },
      {
        "id": "2",
        "name": "Z1 - P01 - Immatriculation",
        "type": "input-compact",
        "var_name": "zone_derms_z1_p01"
      },
      {
        "id": 3,
        "name": "Z1 - P02 - Immatriculation",
        "type": "input-compact",
        "var_name": "zone_derms_z1_p02"
      },
      {
        "id": 4,
        "name": "Z1 - P03 - Immatriculation",
        "type": "input-compact",
        "var_name": "zone_derms_z1_p03"
      },
      {
        "id": 5,
        "name": "Z1 - P04 - Immatriculation",
        "type": "input-compact",
        "var_name": "zone_derms_z1_p04"
      },
      {
        "id": 6,
        "name": "Z1 - P05 - Immatriculation",
        "type": "input-compact",
        "var_name": "zone_derms_z1_p05"
      },
      {
        "id": 7,
        "name": "Z1 - P06 - Immatriculation",
        "type": "input-compact",
        "var_name": "zone_derms_z1_p06"
      },
      {
        "id": 8,
        "name": "Z1 - P07 - Immatriculation",
        "type": "input-compact",
        "var_name": "zone_derms_z1_p07"
      },
      {
        "id": 9,
        "name": "Z1 - P08 - Immatriculation",
        "type": "input-compact",
        "var_name": "zone_derms_z1_p08"
      },
      {
        "id": 10,
        "name": "Z1 - P09 - Immatriculation",
        "type": "input-compact",
        "var_name": "zone_derms_z1_p09"
      },
      {
        "id": 11,
        "name": "Z1 - P10 - Immatriculation",
        "type": "input-compact",
        "var_name": "zone_derms_z1_p10"
      },
      {
        "id": 12,
        "name": "Z1 - P11 - Immatriculation",
        "type": "input-compact",
        "var_name": "zone_derms_z1_p11"
      },
      {
        "id": 13,
        "name": "Z1 - P12 - Immatriculation",
        "type": "input-compact",
        "var_name": "zone_derms_z1_p12"
      },
      {
        "id": 14,
        "name": "Base de vie",
        "type": "label",
        "var_name": "undefined"
      },
      {
        "id": 15,
        "name": "Z2 - BV1 - Immatriculation",
        "type": "input-compact",
        "var_name": "zone_derms_z2_bv1"
      },
      {
        "id": 16,
        "name": "Z2 - BV2 - Immatriculation",
        "type": "input-compact",
        "var_name": "zone_derms_z2_bv2"
      },
      {
        "id": 17,
        "name": "Z2 - BV3 - Immatriculation",
        "type": "input-compact",
        "var_name": "zone_derms_z2_bv3"
      },
      {
        "id": 18,
        "name": "Laine blanche",
        "type": "label",
        "var_name": "undefined"
      },
      {
        "id": 19,
        "name": "Z3 - A01 - Immatriculation",
        "type": "input-compact",
        "var_name": "zone_derms_z3_a01"
      },
      {
        "id": 20,
        "name": "Z3 - A02 - Immatriculation",
        "type": "input-compact",
        "var_name": "zone_derms_z3_a02"
      },
      {
        "id": 21,
        "name": "Z3 - A03 - Immatriculation",
        "type": "input-compact",
        "var_name": "zone_derms_z3_a03"
      },
      { "id": 22, "name": "Ballots", "type": "label", "var_name": "undefined" },
      {
        "id": 23,
        "name": "Z4 - P - Immatriculation",
        "type": "input-compact",
        "var_name": "zone_derms_z4_p"
      }
    ]
  },
  {
    "id": 3,
    "name": "D\u00e9chargements Batch",
    "variables": [
      {
        "id": "1",
        "name": "Zone principale",
        "type": "label",
        "var_name": "undefined"
      },
      {
        "id": "2",
        "name": "Z1 - P01 - Immatriculation",
        "type": "input-compact",
        "var_name": "zone_debatch_z1_p01"
      },
      {
        "id": 3,
        "name": "Z1 - P02 - Immatriculation",
        "type": "input-compact",
        "var_name": "zone_debatch_z1_p02"
      },
      {
        "id": 4,
        "name": "Z1 - P03 - Immatriculation",
        "type": "input-compact",
        "var_name": "zone_debatch_z1_p03"
      },
      {
        "id": 5,
        "name": "Z1 - P04 - Immatriculation",
        "type": "input-compact",
        "var_name": "zone_debatch_z1_p04"
      },
      {
        "id": 6,
        "name": "Z1 - P05 - Immatriculation",
        "type": "input-compact",
        "var_name": "zone_debatch_z1_p05"
      },
      {
        "id": 7,
        "name": "Z1 - P06 - Immatriculation",
        "type": "input-compact",
        "var_name": "zone_debatch_z1_p06"
      },
      {
        "id": 8,
        "name": "Z1 - P07 - Immatriculation",
        "type": "input-compact",
        "var_name": "zone_debatch_z1_p07"
      },
      {
        "id": 9,
        "name": "Z1 - P08 - Immatriculation",
        "type": "input-compact",
        "var_name": "zone_debatch_z1_p08"
      },
      {
        "id": 10,
        "name": "Z1 - P09 - Immatriculation",
        "type": "input-compact",
        "var_name": "zone_debatch_z1_p09"
      },
      {
        "id": 11,
        "name": "Z1 - P10 - Immatriculation",
        "type": "input-compact",
        "var_name": "zone_debatch_z1_p10"
      },
      {
        "id": 12,
        "name": "Z1 - P11 - Immatriculation",
        "type": "input-compact",
        "var_name": "zone_debatch_z1_p11"
      },
      {
        "id": 13,
        "name": "Z1 - P12 - Immatriculation",
        "type": "input-compact",
        "var_name": "zone_debatch_z1_p12"
      },
      {
        "id": 14,
        "name": "Base de vie",
        "type": "label",
        "var_name": "undefined"
      },
      {
        "id": 15,
        "name": "Z2 - BV1 - Immatriculation",
        "type": "input-compact",
        "var_name": "zone_debatch_z2_bv1"
      },
      {
        "id": 16,
        "name": "Z2 - BV2 - Immatriculation",
        "type": "input-compact",
        "var_name": "zone_debatch_z2_bv2"
      },
      {
        "id": 17,
        "name": "Z2 - BV3 - Immatriculation",
        "type": "input-compact",
        "var_name": "zone_debatch_z2_bv3"
      },
      {
        "id": 18,
        "name": "Laine blanche",
        "type": "label",
        "var_name": "undefined"
      },
      {
        "id": 19,
        "name": "Z3 - A01 - Immatriculation",
        "type": "input-compact",
        "var_name": "zone_debatch_z3_a01"
      },
      {
        "id": 20,
        "name": "Z3 - A02 - Immatriculation",
        "type": "input-compact",
        "var_name": "zone_debatch_z3_a02"
      },
      {
        "id": 21,
        "name": "Z3 - A03 - Immatriculation",
        "type": "input-compact",
        "var_name": "zone_debatch_z3_a03"
      },
      { "id": 22, "name": "Ballots", "type": "label", "var_name": "undefined" },
      {
        "id": 23,
        "name": "Z4 - P - Immatriculation",
        "type": "input-compact",
        "var_name": "zone_debatch_z4_p"
      }
    ]
  },
  {
    "id": 4,
    "name": "S\u00e9curit\u00e9",
    "variables": [
      {
        "id": 1,
        "name": "Message de s\u00e9curit\u00e9 (laisser vide si pas de message)",
        "type": "label",
        "var_name": "undefined"
      },
      {
        "id": "2",
        "name": "Message",
        "type": "input",
        "var_name": "securite_message"
      }
    ]
  }
]
